{
  "id": "",
  "name": "",
  "font_family": "iconfont",
  "css_prefix_text": "icon-",
  "description": "",
  "glyphs": [
    {
      "icon_id": "128976",
      "name": "github",
      "font_class": "github",
      "unicode": "e7ab",
      "unicode_decimal": 59307
    },
    {
      "icon_id": "4657687",
      "name": "学习",
      "font_class": "xuexi-",
      "unicode": "e609",
      "unicode_decimal": 58889
    },
    {
      "icon_id": "7678920",
      "name": "邮箱",
      "font_class": "youxiang",
      "unicode": "e631",
      "unicode_decimal": 58929
    },
    {
      "icon_id": "25537613",
      "name": "想法",
      "font_class": "xiangfa",
      "unicode": "e7d9",
      "unicode_decimal": 59353
    }
  ]
}
